,Acc,AUC,F1_Score
lr,3.5145187156652042,0.07081768561997459,0.10532414135996115
dt,7.636400859862832,0.10823776059392831,0.10625809678790732
rf,5.520865322277956,0.06903779000240085,0.11158634858808769
mlp,4.439212474835358,0.05202619349416582,0.09369302182511352
svm,3.1835397686559617,0.07871211841269299,0.07333836707707808
