,DCR between Real and Fake (5th perc),DCR within Real(5th perc),DCR within Fake (5th perc),NNDR between Real and Fake (5th perc),NNDR within Real (5th perc),NNDR within Fake (5th perc)
0,0.4573318176316891,0.21654549243259855,0.1695052167179871,0.6386263305320937,0.4420522501433756,0.39382773341071237
