,Acc,AUC,F1_Score
lr,8.721899806550596,0.06748187948472995,0.0923798174325069
dt,28.030151424187856,0.21557920750807025,0.27601648613475627
rf,23.524114468681212,0.17852211516680716,0.24754138323541564
mlp,13.144553398705888,0.11107380521679999,0.1383280683919763
