,DCR between Real and Fake (5th perc),DCR within Real(5th perc),DCR within Fake (5th perc),NNDR between Real and Fake (5th perc),NNDR within Real (5th perc),NNDR within Fake (5th perc)
0,1.5598842218675235,0.35547938941233426,0.7550430319321876,0.8674347880192501,0.38621002060648757,0.6522979466101259
