,DCR between Real and Fake (5th perc),DCR within Real(5th perc),DCR within Fake (5th perc),NNDR between Real and Fake (5th perc),NNDR within Real (5th perc),NNDR within Fake (5th perc)
0,1.966738504244277,0.35251455411632976,2.1272332383169985,0.8477678925390296,0.4337126722382278,0.8490254789825876
