,Acc,AUC,F1_Score
lr,-0.013374795198444644,0.02236618119916789,-0.04926168163106148
dt,4.249841174307022,0.14851877246075273,0.36372056808704
rf,0.06018657839301511,-0.008109513902023857,0.08136442656510312
mlp,0.016718493998055806,0.0249274951138011,0.06028017651945883
