,DCR between Real and Fake (5th perc),DCR within Real(5th perc),DCR within Fake (5th perc),NNDR between Real and Fake (5th perc),NNDR within Real (5th perc),NNDR within Fake (5th perc)
0,0.38330401522938856,0.22965180317514944,0.3020928225718748,0.4734095506964448,0.23154985436424735,0.42126960753775516
