,Mean_Absolute_Percentage_Error,Explained_Variance_Score,R2_Score
l_reg,-0.6211917647903709,0.075885715083435,0.10681838584140235
ridge,-0.628636685604317,0.07712695390435653,0.10826745803562088
lasso,-0.6219310399741003,0.07596393257831158,0.10694083487968553
B_ridge,-0.6315857169145407,0.07868944812824419,0.10997336610437647
