,Acc,AUC,F1_Score
lr,3.7337823115776843,0.006329301066737125,0.03478877647064438
dt,5.5263939784094305,0.03642321654008751,0.046629121250993055
rf,2.7235812617609128,0.003680233736886418,0.03179912112211347
mlp,3.0107952857284346,0.004402044183750786,0.03329468040216155
svm,2.8820441715360943,0.008178482467563586,0.03324289624814203
