,DCR between Real and Fake (5th perc),DCR within Real(5th perc),DCR within Fake (5th perc),NNDR between Real and Fake (5th perc),NNDR within Real (5th perc),NNDR within Fake (5th perc)
0,0.8550687110441368,0.005297349273643789,0.04348888427758187,0.8758688688034008,0.2399950110839906,0.3870430725143301
